use university_COP4710_1241;

/*Inserting Semesters*/
INSERT INTO Semester(`Code`,`Name`,Start_Date,End_Date)VALUES
('1221','Spring 2022','2022-01-05','2022-04-15'), 
('1225','Summer 2022','2022-05-02','2022-08-10'),
('1228','Fall 2022','2022-08-22','2022-12-05'),
('1231','Spring 2023','2023-01-04','2023-04-13'),
('1235','Summer 2023','2023-05-01','2023-08-12'),
('1238','Fall 2023','2023-08-20','2023-12-06'),
('1241','Spring 2024','2024-01-08','2024-04-14');



/*Inserting Colleges*/
INSERT INTO `COLLEGE` (`CName`,`COffice`,`CPhone`) VALUES
('College of Arts, Sciences & Education','MMC, CASE-100','3053481111'),
('College of Business','MMC, RB-100','3053486666'),
('College OF Engineering & Computing','MMC, CASE 354','3053482774'),
('College of Medicine','MMC, AHC200','3053480570');



/*Inserting Departments*/
INSERT INTO `DEPARTMENT` (`DCode`,`DName`,`DOffice`,`College`) VALUES
('1004635997','Chemistry and Biochemistry','CP-304','College of Arts, Sciences & Education'),
('1200445332','Earth and Environment','DM-250','College of Arts, Sciences & Education'),
('3112315444','Language Arts and Sociology','DM-200','College of Arts, Sciences & Education'),
('6032434963','Information Systems','RB-353','College OF Engineering & Computing'),
('1741323556','Computer Science','PC-104','College OF Engineering & Computing'),
('3760234834','Civil and Environ Engineering','EC-400','College OF Engineering & Computing'),
('4133334245','Finances & Marketing','PC-110','College of Business'),
('2750234975','COB School of Accounting','RB-200','College of Business'),
('5742323556','Biomedical Sciences','AHC2-400','College of Medicine'),
('1535234979','COM Humanities Health and Society','AHC2-330','College of Medicine'),
('1112124411','Nursing Studies','GC-250','College of Medicine');


/*Inserting Instructors*/
INSERT INTO `INSTRUCTOR` (`Id`,`IName`,`IOffice`,`IPhone`,`Department`,`IRank`) VALUES
('3342452','Brenda Bonilla','CP-223','3053486654','5742323556','Tenure'),
('1549842','Rafael Craftman','CP-223','3053489887','5742323556','Faculty'),
('4325642','Karen Guzman','CP-223','3053483384','1200445332','Adjunct'),
('3252225','Jorge Alvarez','CP-223','3053485674','1200445332','Tenure'),
('2234556','Ira Barroso','CP-223','3053486674','1200445332','Faculty'),
('1579323','Sebastian Almeida','CP-223','3053482144','1004635997','Faculty'),
('3342134','Abraham Smith','CP-223','3053482144','1004635997','Adjunct'),
('2143562','Jenny Alonso','CP-223','3053483234','1004635997','Faculty'),
('2981343','Juliet Chavez','CP-223','3053487765','2750234975','Faculty'),
('2356053','Betty Chin','CP-223','3053486687','2750234975','Faculty'),
('1453774','Kevin Romero','CP-223','3053480998','1535234979','Faculty'),
('2789990','John Capote','CP-223','3053487765','1535234979','Tenure'),
('2194566','Nancy Chandler','CP-223','3053484454','1535234979','Adjunct'),
('1451244','Laura Elliot','CP-223','3053480096','1741323556','Tenure'),
('3300944','Daniel Ferrer','CP-223','3053486754','1741323556','Faculty'),
('2221133','Harry Dan','CP-223','3053486732','6032434963','Faculty'),
('2672311','Scarlett Daniels','CP-223','3053482245','6032434963','Tenure'),
('2285746','Armando Lucas','CP-223','3053486687','1112124411','Faculty'),
('1223552','John Adams','CASE-323','3053482332','3112315444','Tenure'),
('2909278','Evan Eisenberg','CP-223','3053481223','3760234834','Faculty'),
('3322469','Israel Elias','CP-223','3053486543','3760234834','Tenure'),
('1653356','Loretta Grant','RB-314','3053481262','4133334245','Tenure');

/*Update College Deans*/
UPDATE COLLEGE SET Dean = '1579323' WHERE CName = 'College of Arts, Sciences & Education';
UPDATE COLLEGE SET Dean = '1549842' WHERE CName = 'College of Business';
UPDATE COLLEGE SET Dean = '3300944' WHERE CName = 'College OF Engineering & Computing';
UPDATE COLLEGE SET Dean = '2789990' WHERE CName = 'College of Medicine';

/*Update Department Chairs*/
UPDATE DEPARTMENT SET Chair = '2143562', CStartDate = '2015-02-01' WHERE DCode = '1004635997';
UPDATE DEPARTMENT SET Chair = '3252225', CStartDate = '2015-12-01' WHERE DCode = '1200445332';
UPDATE DEPARTMENT SET Chair = '1223552', CStartDate = '2020-05-15' WHERE DCode = '3112315444';
UPDATE DEPARTMENT SET Chair = '2221133', CStartDate = '2020-09-23' WHERE DCode = '6032434963';
UPDATE DEPARTMENT SET Chair = '1451244', CStartDate = '2019-03-01' WHERE DCode = '1741323556';
UPDATE DEPARTMENT SET Chair = '2909278', CStartDate = '2010-04-01' WHERE DCode = '3760234834';
UPDATE DEPARTMENT SET Chair = '1653356', CStartDate = '2018-07-31' WHERE DCode = '4133334245';
UPDATE DEPARTMENT SET Chair = '2981343', CStartDate = '2010-04-01' WHERE DCode = '2750234975';
UPDATE DEPARTMENT SET Chair = '3342452', CStartDate = '2019-05-06' WHERE DCode = '5742323556';
UPDATE DEPARTMENT SET Chair = '1453774', CStartDate = '2012-02-01' WHERE DCode = '1535234979';
UPDATE DEPARTMENT SET Chair = '2285746', CStartDate = '2010-10-01' WHERE DCode = '1112124411';

/*Insert Courses*/
INSERT INTO `COURSE` (`CCode`,`CoName`,`CDesc`,`Level`,`Credits`,`Department`) VALUES
('CHM-1045','Gen Chemistry I','Organic Chemistry','Freshman',3,'1004635997'),
('GLY-3112','Earth Thru Time','History of Earth','Junior',3,'1200445332'),
('LET-2142','Literature','Ancient Literature','Sophomore',3,'3112315444'),
('CTG-3342','Data Structures','Data Structures and Algorithms','Junior',3,'6032434963'),
('CGS-1920','Intro to Computing','Intro to Computing','Freshman',3,'1741323556'),
('PHY-2210','Physics II','Physics II','Sophomore',3,'3760234834'),
('EGN-3613','Engineering Economy','Engineering Economy','Junior',1,'4133334245'),
('MAR-3023','Intro To Marketing','Introduction to Marketing','Junior',3,'4133334245'),
('ACG-4101','Financial Acct I','Basic Financial Accounting','Senior',3,'2750234975'),
('BME-4050L','Biomedical Lab','Lab','Senior',1,'5742323556'),
('HSC-2100','Healthy Lifestyles','Healthy Lifestyles','Sophomore',3,'1535234979'),
('HAT-2240','Human Anatomy','Human Anatomy','Sophomore',3,'1112124411');


/*Insert Sections*/
INSERT INTO Section (SectId,Course,Semester,DaysTime,Bldg,RoomNo,Instructor) VALUES
('U01-11234','CHM-1045','1228','Tu/Th 11:00 AM - 12:15 PM','GC','218','1579323'),
('U01-66555','CHM-1045','1235','Tu/Th 11:00 AM - 12:15 PM','GC','215','1579323'),
('U01-23451','CHM-1045','1231','Tu/Th 11:00 AM - 12:15 PM','DM','244','3342452'),
('U01-89753','CHM-1045','1238','Tu/Th 11:00 AM - 12:15 PM','DM','244','3342452'),
('U01-65743','CHM-1045','1241','Tu/Th 11:00 AM - 12:15 PM','DM','244','1579323'),
('U02-22146','GLY-3112','1228','Mon/Tu/Th 11:00 AM - 12:15 PM','PC','214','3252225'),
('U01-43354','GLY-3112','1231','Mo/Wed 9:00 AM - 10:15 PM','CASE','344','3252225'),
('U02-23426','GLY-3112','1238','Mon/Tu/Th 11:00 AM - 12:15 PM','PC','214','2234556'),
('U01-43564','GLY-3112','1241','Mo/Wed 9:00 AM - 10:15 PM','CASE','344','2234556'),
('U01-55435','LET-2142','1231','Tu/Th 9:00 AM - 10:15 PM','DM','110','1223552'),
('U01-53267','LET-2142','1235','Tu/Th 9:00 AM - 10:15 PM','DM','105','1223552'),
('U01-59867','LET-2142','1238','Mon/Wed 2:00 PM - 3:15 PM','DM','220','1223552'),
('U01-59086','LET-2142','1241','Tu/Th 9:00 AM - 10:15 PM','DM','208','1223552'),
('U01-27453','CTG-3342','1231','Tu/Th 4:00 PM - 5:15 PM','CASE','115','1451244'),
('U02-29875','CTG-3342','1238','Tu/Th 4:00 PM - 5:15 PM','CASE','115','1451244'),
('U01-79823','CGS-1920','1235','Mon/Wed 11:00 AM - 12:15 PM','PC','215','2221133'),
('U02-79004','CGS-1920','1241','Tu/Th 11:00 AM - 12:15 PM','PC','225','2221133'),
('U01-34324','CGS-1920','1238','Tu/Th 11:00 AM - 12:15 PM','PC','225','2221133'),
('U02-32678','PHY-2210','1231','Tu/Th 11:00 AM - 12:15 PM','OE','105','2909278'),
('U02-32986','PHY-2210','1238','Tu/Th 8:00 AM - 9:15 AM','OE','110','2909278'),
('U02-30985','PHY-2210','1241','Tu/Th 8:00 AM - 9:15 AM','OE','115','2909278'),
('U02-53498','EGN-3613','1235','Mon/Wed 11:00 AM - 12:15 PM','CASE','245','1653356'),
('U02C-44986','EGN-3613','1238','Tu/Wed/Th 11:00 AM - 12:15 PM','CASE','215','1653356'),
('U02-30925','EGN-3613','1241','Tu/Th 11:00 AM - 12:15 PM','CASE','115','1653356'),
('U02-29076','MAR-3023','1231','Mon/Wed 11:00 AM - 12:15 PM','RB','245','1653356'),
('U02B-19567','MAR-3023','1238','Mon/Wed 11:00 AM - 12:15 PM','RB','215','1653356'),
('U02-30623','MAR-3023','1241','Tu/Th 11:00 AM - 12:15 PM','RB','115','1653356'),
('U02-43345','ACG-4101','1235','Mon/Wed 11:00 AM - 12:15 PM','RB','245','2981343'),
('U02B-33428','ACG-4101','1238','Tu/Th 11:00 AM - 12:15 PM','RB','215','2981343'),
('U02-11214','ACG-4101','1241','Tu/Th 11:00 AM - 12:15 PM','RB','115','2981343'),
('U01-12534','BME-4050L','1235','Tu/Th 9:00 AM - 10:15 PM','PH','C115','1549842'),
('U01-33434','BME-4050L','1241','Tu/Th 11:00 AM - 12:15 PM','PH','C320','1549842'),
('U01-88657','HSC-2100','1235','Tu/Th 11:00 AM - 12:15 PM','AHC2','114','1453774'),
('U01A-90876','HSC-2100','1235','Mo/Tu/Wed/Th 10:00 AM - 11:15 AM','AHC1','344','1453774'),
('U02-56432','HSC-2100','1238','Tu/Th 11:00 AM - 12:15 PM','AHC1','344','1453774'),
('U02-12987','HSC-2100','1241','Tu/Th 11:00 AM - 12:15 PM','AHC1','344','2789990'),
('U02-16533','HAT-2240','1235','Mon/Wed 3:00 PM - 4:15 PM','AHC2','154','2789990'),
('U02-98755','HAT-2240','1238','Tu/Th 11:00 AM - 12:15 PM','AHC2','114','2789990'),
('U02-87554','HAT-2240','1241','Tu/Th 11:00 AM - 12:15 PM','AHC2','234','1453774');

INSERT INTO Section (SectId,Course,Semester,Instructor) VALUES
('VC-23532','CHM-1045','1238','1579323'),
('VC-56432','GLY-3112','1231','3252225'),
('VH-59086','LET-2142','1238','1223552'),
('VC-21464','CTG-3342','1238','1451244'),
('VH-74324','CGS-1920','1238','2221133'),
('VC-21456','PHY-2210','1241','2909278'),
('VH-54433','MAR-3023','1241','1653356'),
('VC-43346','HAT-2240','1241','1453774');



INSERT INTO STUDENT (Sid,FName,LName,DoB,Addr,Major,Department) VALUES
('9099895','Jackson','Friend','2000-02-13','4400 SW 12 AVE, Miami, FL 33422','Psychology','3112315444'),
('5633432','Jaden','Stuart','2000-06-13','321 SW 44 AVE, Miami, FL 33422','Computer Science','1741323556'),
('8963452','Martin','Jimenez','2000-01-12','532 SW 87 AVE, Miami, FL 33422','Language Arts','3112315444'),
('8065436','Lauren','Johnson','2001-07-29','632 SW 89 AVE, Miami, FL 33422','Finances','4133334245'),
('0754346','Matthew','Garner','2000-05-30','12645 SW 12 AVE, Miami, FL 33422','General Medicine','1112124411'),
('9353563','Alex','Martinez','2000-07-28','1232 SW  67 AVE, Miami, FL 33422','Information Systems','6032434963'),
('9424566','Eileen','Harrison','2001-06-15','6732 SW 33 AVE, Miami, FL 33422','Information Security','6032434963'),
('8897543','Margaret','Elias','2000-04-03','7532 SW 78 AVE, Miami, FL 33422','Accounting','2750234975'),
('4400694','Monica','Diaz','2000-08-13','1532 SW 4` AVE, Miami, FL 33422','International Business','4133334245'),
('5553323','Daniel','Tompson','2001-03-23','320 SW 22 AVE, Miami, FL 33422','Psychology','3112315444'),
('9986445','Carmen','Labrador','2001-10-22','122 SW 12 AVE, Miami, FL 33422','Engineering Management','3760234834'),
('0998908','Freddy','Cornell','2001-04-11','753 SW 23 AVE, Miami, FL 33422','Psychology','3112315444'),
('9995643','Ronald','Flagler','2000-02-08','4135 SW 56 AVE, Miami, FL 33422','Computer Science','1741323556'),
('9877876','Owen','Smullen','2001-02-28','1221 SW 12 AVE, Miami, FL 33422','Educational Sciences','3112315444'),
('8874231','Amanda','Suarez','2000-02-10','145 SW 35 AVE, Miami, FL 33422','Computer Science','1741323556'),
('8864386','Morgan','Freeman','2001-03-19','5000 NW 14 AVE, Miami, FL 33422','Information Systems','6032434963'),
('6670975','Jessica','Smith','2000-01-22','125 SW 12 AVE, Miami, FL 33422','Information Systems','6032434963'),
('8643456','Arthur','Gonzalez','2000-09-11','6544 SW 25 ST, Miami, FL 33422','Chemistry','1004635997'),
('9864534','Gabriela','Swift','2000-03-18','564 NW 1 AVE, Miami, FL 33422','Biology','1004635997'),
('5567979','Stephanie','Rotella','2002-02-06','2344 NW 67 AVE, Miami, FL 33422','Economics','4133334245'),
('2335278','Karla','Kirgan','2000-10-13','4432 SW 43 AVE, Miami, FL 33422','Economics','4133334245'),
('9876775','Katherine','Homes','2001-02-25','4432 SW 43 AVE, Miami, FL 33422','Finances','4133334245'),
('8875453','Jonathan','Wilson','2001-04-17','4432 SW 43 AVE, Miami, FL 33422','Mechanical Engineering','3760234834'),
('7780875','Francisco','Rodriguez','2000-12-23','4432 SW 43 AVE, Miami, FL 33422','Construction Management','3760234834'),
('5534678','Alexandder','Lau','2003-05-01','4432 SW 43 AVE, Miami, FL 33422','Diatetics and Nutrition','1535234979'),
('6689445','Thomas','Garcia','2000-08-23','4432 SW 43 AVE, Miami, FL 33422','Nursing','1112124411'),
('9704235','Louis','Campbell','2002-06-15','4432 SW 43 AVE, Miami, FL 33422','Nursing','1112124411'),
('2345789','Antonella','Capone','2001-12-10','4432 SW 43 AVE, Miami, FL 33422','Sociology/Anthropology','1200445332');


/*Insert Enrollment*/
INSERT INTO ENROLLMENT(Student,Course,Section) VALUES
('5633432','CHM-1045','U01-11234'),
('9986445','CHM-1045','U01-11234'),
('0998908','CHM-1045','U01-11234'),
('8963452','CHM-1045','U01-11234'),
('9995643','CHM-1045','U01-23451'),
('8065436','CHM-1045','U01-23451'),
('8897543','CHM-1045','U01-23451'),
('9353563','CHM-1045','U01-89753'),
('5553323','CHM-1045','U01-89753'),
('5633432','CHM-1045','VC-23532'),
('9877876','CHM-1045','VC-23532'),
('9424566','CHM-1045','VC-23532'),
('4400694','CHM-1045','VC-23532'),
('8874231','CHM-1045','U01-65743'),
('8864386','CHM-1045','U01-65743'),
('8643456','GLY-3112','U02-22146'),
('8897543','GLY-3112','U02-22146'),
('9353563','GLY-3112','U02-22146'),
('0754346','GLY-3112','U02-22146'),
('9986445','GLY-3112','U02-22146'),
('9995643','GLY-3112','U01-43354'),
('8963452','GLY-3112','U01-43354'),
('5553323','GLY-3112','U01-43354'),
('8065436','GLY-3112','U01-43354'),
('0998908','GLY-3112','VC-56432'),
('5633432','GLY-3112','VC-56432'),
('9877876','GLY-3112','VC-56432'),
('8874231','GLY-3112','U02-23426'),
('9424566','GLY-3112','U02-23426'),
('7780875','GLY-3112','U02-23426'),
('8864386','GLY-3112','U01-43564'),
('7780875','GLY-3112','U01-43564'),
('4400694','GLY-3112','U01-43564'),
('9099895','CTG-3342','U01-27453'),
('5553323','CTG-3342','U01-27453'),
('8897543','CTG-3342','U01-27453'),
('8065436','CTG-3342','U01-27453'),
('9986445','CTG-3342','U01-27453'),
('8963452','CTG-3342','U01-27453'),
('9353563','CTG-3342','U02-29875'),
('0754346','CTG-3342','U02-29875'),
('6670975','CTG-3342','U02-29875'),
('9995643','CTG-3342','VC-21464'),
('5633432','CTG-3342','VC-21464'),
('8874231','CTG-3342','VC-21464'),
('9424566','CTG-3342','VC-21464'),
('9099895','LET-2142','U01-55435'),
('9353563','LET-2142','U01-55435'),
('0754346','LET-2142','U01-55435'),
('4400694','LET-2142','U01-55435'),
('0998908','LET-2142','U01-53267'),
('8897543','LET-2142','U01-53267'),
('8963452','LET-2142','U01-53267'),
('5633432','LET-2142','U01-53267'),
('5553323','LET-2142','U01-59086'),
('9986445','LET-2142','U01-59086'),
('9424566','LET-2142','U01-59086'),
('8065436','LET-2142','U01-59086'),
('9995643','MAR-3023','U02-29076'),
('0754346','MAR-3023','U02-29076'),
('9877876','MAR-3023','U02-29076'),
('8864386','MAR-3023','U02B-19567'),
('6670975','MAR-3023','U02B-19567'),
('4400694','MAR-3023','U02B-19567'),
('8897543','MAR-3023','U02B-19567'),
('9986445','MAR-3023','U02-30623'),
('5553323','MAR-3023','U02-30623'),
('8065436','MAR-3023','U02-30623'),
('0998908','MAR-3023','VH-54433'),
('9424566','MAR-3023','VH-54433'),
('8874231','MAR-3023','VH-54433'),
('8963452','MAR-3023','VH-54433'),
('9353563','ACG-4101','U02-43345'),
('5553323','ACG-4101','U02-43345'),
('5633432','ACG-4101','U02-43345'),
('0998908','ACG-4101','U02B-33428'),
('0754346','ACG-4101','U02B-33428'),
('8065436','ACG-4101','U02B-33428'),
('8897543','ACG-4101','U02B-33428'),
('4400694','ACG-4101','U02B-33428'),
('9995643','ACG-4101','U02-11214'),
('9424566','ACG-4101','U02-11214'),
('9877876','ACG-4101','U02-11214'),
('9986445','ACG-4101','U02-11214'),
('9986445','PHY-2210','U02-32678'),
('9353563','PHY-2210','U02-32678'),
('5633432','PHY-2210','U02-32678'),
('4400694','PHY-2210','U02-32678'),
('8897543','PHY-2210','U02-32678'),
('8065436','PHY-2210','U02-32986'),
('5553323','PHY-2210','U02-32986'),
('9424566','PHY-2210','U02-32986'),
('9995643','PHY-2210','U02-30985'),
('8963452','PHY-2210','U02-30985'),
('9877876','PHY-2210','U02-30985'),
('0754346','PHY-2210','VC-21456'),
('0998908','PHY-2210','VC-21456'),
('8874231','PHY-2210','VC-21456'),
('8864386','PHY-2210','VC-21456'),
('9099895','BME-4050L','U01-12534'),
('9353563','BME-4050L','U01-12534'),
('5633432','BME-4050L','U01-12534'),
('9424566','BME-4050L','U01-12534'),
('8897543','BME-4050L','U01-33434'),
('8065436','BME-4050L','U01-33434'),
('8963452','BME-4050L','U01-33434'),
('5553323','CGS-1920','U01-79823'),
('4400694','CGS-1920','U01-79823'),
('6670975','CGS-1920','U01-79823'),
('9099895','CGS-1920','U01-34324'),
('9986445','CGS-1920','U01-34324'),
('8897543','CGS-1920','U01-34324'),
('0998908','CGS-1920','VH-74324'),
('0754346','CGS-1920','VH-74324'),
('9995643','CGS-1920','VH-74324'),
('9877876','CGS-1920','VH-74324'),
('8874231','CGS-1920','U02-79004'),
('8963452','CGS-1920','U02-79004'),
('9986445','CGS-1920','U02-79004'),
('8065436','CGS-1920','U02-79004'),
('8864386','CHM-1045','U01-66555'),
('9353563','CHM-1045','U01-66555'),
('9986445','CHM-1045','U01-66555'),
('4400694','EGN-3613','U02-53498'),
('9424566','EGN-3613','U02-53498'),
('8897543','EGN-3613','U02-53498'),
('8963452','EGN-3613','U02-53498'),
('5553323','EGN-3613','U02-53498'),
('9353563','EGN-3613','U02C-44986'),
('8065436','EGN-3613','U02C-44986'),
('9099895','EGN-3613','U02-30925'),
('9986445','EGN-3613','U02-30925'),
('0754346','EGN-3613','U02-30925'),
('0998908','EGN-3613','U02-30925'),
('8864386','HAT-2240','U02-16533'),
('8963452','HAT-2240','U02-16533'),
('9877876','HAT-2240','U02-16533'),
('0998908','HSC-2100','U01-88657'),
('8897543','HSC-2100','U01-88657'),
('9704235','HSC-2100','U01-88657'),
('8963452','HSC-2100','U01A-90876'),
('9353563','HSC-2100','U01A-90876'),
('4400694','HSC-2100','U01A-90876'),
('8874231','HSC-2100','U02-12987'),
('0754346','HSC-2100','U02-12987'),
('6689445','HSC-2100','U02-12987'),
('5553323','HSC-2100','U02-56432'),
('8065436','HSC-2100','U02-56432'),
('9995643','HSC-2100','U02-56432'),
('6689445','HAT-2240','U02-98755'),
('8897543','HAT-2240','U02-98755'),
('2335278','HAT-2240','U02-98755'),
('9353563','HAT-2240','U02-87554'),
('9704235','HAT-2240','U02-87554'),
('8875453','HAT-2240','U02-87554'),
('8874231','HAT-2240','VC-43346'),
('4400694','HAT-2240','VC-43346'),
('5534678','HAT-2240','VC-43346'),
('8065436','LET-2142','U01-59867'),
('0754346','LET-2142','U01-59867'),
('9995643','LET-2142','U01-59867'),
('8963452','LET-2142','U01-59867'),
('9353563','LET-2142','VH-59086'),
('9877876','LET-2142','VH-59086'),
('9424566','LET-2142','VH-59086');


